{
    "accuracy": 0.8578333333333333,
    "precision": 0.9397384877771461,
    "recall": 0.68875,
    "f1": 0.7949026208223131,
    "roc_auc": 0.8649253472222223,
    "pr_auc": 0.879211540890011
}